{
    "ethene": { 
        "geom": "H   0.000000   0.923274   1.238289\nH   0.000000  -0.923274   1.238289\nH   0.000000   0.923274  -1.238289\nH   0.000000  -0.923274  -1.238289\nC   0.000000   0.000000   0.668188\nC   0.000000   0.000000  -0.668188",  
        "num_roots": 3,               
        "avg_states": [0,1,2]

    }
}